{"cameraMode":{"drawMode":0,"name":"Shaded","section":"Shading Mode"},"sceneLighting":false,"audioPlay":false,"sceneViewState":{"m_AlwaysRefresh":false,"showFog":true,"showSkybox":true,"showFlares":true,"showImageEffects":true,"showParticleSystems":true,"showVisualEffectGraphs":true,"m_FxEnabled":true},"in2DMode":false,"pivot":{"x":-4.113584995269775,"y":-1.3465337753295899,"z":0.9376716613769531},"rotation":{"x":-0.06236158311367035,"y":-0.0029923596885055305,"z":-0.0001759733713697642,"w":0.9980705976486206},"size":10.055415153503418,"orthographic":true}